Chemistry,Chemical_elements,,,
Chemistry,Chemical_elements,Sets_of_chemical_elements,Halogens,
Chemistry,Chemical_elements,Sets_of_chemical_elements,Transition_metals,
Chemistry,Chemical_elements,Sets_of_chemical_elements,Noble_gases,
Chemistry,Chemical_properties,,,
Chemistry,Chemical_properties,Thermodynamic_properties,,
Chemistry,Chemical_reactions,Catalysis,,
Chemistry,Chemical_reactions,Catalysis,Catalysts,
Chemistry,Chemical_reactions,Catalysis,Catalysts,Enzymes
Chemistry,Chemical_reactions,Catalysis,Catalysts,Homogeneous_catalysis
Chemistry,Chemical_reactions,Catalysis,Catalysts,Hydrogenation_catalysts
Chemistry,Chemical_reactions,Chemical_reaction_engineering,Chemical_kinetics,
Chemistry,Chemical_reactions,Organic_reactions,,
Chemistry,Chemical_reactions,Organic_reactions,Carbon-carbon_bond_forming_reactions,
Chemistry,Chemical_reactions,Organic_reactions,Coupling_reactions,
Chemistry,Chemical_reactions,Organic_reactions,Functional_modification_reactions,Addition_reactions
Chemistry,Chemical_reactions,Organic_reactions,Functional_modification_reactions,Elimination_reactions
Chemistry,Chemical_reactions,Organic_reactions,Functional_modification_reactions,Substitution_reactions
Chemistry,Chemical_reactions,Organic_reactions,Joining_reactions,Polymerization_reactions
Chemistry,Chemical_reactions,Organic_reactions,Name_reactions,
Chemistry,Chemical_reactions,Organic_reactions,Organic_redox_reactions,
Chemistry,Chemical_reactions,Organic_reactions,Ring_forming_reactions,
Chemistry,Chemical_reactions,Inorganic_reactions,,
Chemistry,Inorganic_chemistry,Coordination_chemistry,,
Chemistry,Inorganic_chemistry,Coordination_chemistry,Coordination_compounds,
Chemistry,Inorganic_chemistry,Coordination_chemistry,Ligands,
Chemistry,Inorganic_chemistry,Coordination_chemistry,Non-coordinating_anions,
Chemistry,Inorganic_chemistry,Inorganic_compounds,,
Chemistry,Inorganic_chemistry,Inorganic_compounds,Chlorides,
Chemistry,Inorganic_chemistry,Inorganic_compounds,Inorganic_carbon_compounds,
Chemistry,Inorganic_chemistry,Inorganic_compounds,Inorganic_nitrogen_compounds,
Chemistry,Inorganic_chemistry,Inorganic_compounds,Inorganic_phosphorus_compounds,
Chemistry,Inorganic_chemistry,Inorganic_compounds,Inorganic_silicon_compounds,
Chemistry,Inorganic_chemistry,Inorganic_compounds,Metal_halides,
Chemistry,Inorganic_chemistry,Inorganic_compounds,Mineral_acids,Oxoacids
Chemistry,Inorganic_chemistry,Inorganic_reactions,,
Chemistry,Inorganic_chemistry,Organometallic_chemistry,,
Chemistry,Inorganic_chemistry,Organometallic_chemistry,Organometallic_compounds,
Chemistry,Inorganic_chemistry,Organometallic_chemistry,Cyclopentadienyl_complexes,
Chemistry,Inorganic_chemistry,Organometallic_chemistry,Sandwich_compounds,
Chemistry,Organic_chemistry,Functional_groups,,
Chemistry,Organic_chemistry,Organic_compounds,,
Chemistry,Organic_chemistry,Organic_compounds,Alkaloids,
Chemistry,Organic_chemistry,Organic_compounds,Aromatic_compounds,
Chemistry,Organic_chemistry,Organic_compounds,Biomolecules,
Chemistry,Organic_chemistry,Organic_compounds,Heterocyclic_compounds,
Chemistry,Organic_chemistry,Organic_compounds,Macrocycles,
Chemistry,Organic_chemistry,Organic_compounds,Organic_acids,
Chemistry,Organic_chemistry,Organic_compounds,Organic_polymers,
Chemistry,Organic_chemistry,Organic_compounds,Organohalides,
Chemistry,Organic_chemistry,Organic_compounds,Organonitrogen_compounds,
Chemistry,Organic_chemistry,Organic_compounds,Organophosphorus_compounds,
Chemistry,Organic_chemistry,Organic_compounds,Organosulfur_compounds,
Chemistry,Organic_chemistry,Organic_compounds,Reactive_intermediates,
Chemistry,Organic_chemistry,Organic_compounds,Reactive_intermediates,Carbenes
Chemistry,Organic_chemistry,Organic_compounds,Reactive_intermediates,Free_radicals
Chemistry,Organic_chemistry,Organic_compounds,Spiro_compounds,
Chemistry,Organic_chemistry,Organic_reactions,,
Chemistry,Organic_chemistry,Organic_reactions,Carbon-carbon_bond_forming_reactions,
Chemistry,Organic_chemistry,Organic_reactions,Coupling_reactions,
Chemistry,Organic_chemistry,Organic_reactions,Functional_modification_reactions,Addition_reactions
Chemistry,Organic_chemistry,Organic_reactions,Functional_modification_reactions,Elimination_reactions
Chemistry,Organic_chemistry,Organic_reactions,Functional_modification_reactions,Substitution_reactions
Chemistry,Organic_chemistry,Organic_reactions,Joining_reactions,Polymerization_reactions
Chemistry,Organic_chemistry,Organic_reactions,Name_reactions,
Chemistry,Organic_chemistry,Organic_reactions,Organic_redox_reactions,
Chemistry,Organic_chemistry,Organic_reactions,Ring_forming_reactions,
Chemistry,Organic_chemistry,Organometallic_chemistry,,
Chemistry,Organic_chemistry,Organometallic_chemistry,Organometallic_compounds,
Chemistry,Organic_chemistry,Organometallic_chemistry,Cyclopentadienyl_complexes,
Chemistry,Organic_chemistry,Organometallic_chemistry,Sandwich_compounds,
Chemistry,Organic_chemistry,Physical_organic_chemistry,Reactive_intermediates,
Chemistry,Organic_chemistry,Physical_organic_chemistry,Reactive_intermediates,Carbenes
Chemistry,Organic_chemistry,Physical_organic_chemistry,Reactive_intermediates,Free_radicals
Chemistry,Organic_chemistry,Reagents_for_organic_chemistry,,
Chemistry,Organic_chemistry,Reagents_for_organic_chemistry,Alkylating_agents,
Chemistry,Organic_chemistry,Reagents_for_organic_chemistry,Protecting_groups,
Chemistry,Organic_chemistry,Stereochemistry,,
Chemistry,Organic_chemistry,Stereochemistry,Isomerism,
Chemistry,Organic_chemistry,Substituents,,